prompt,category,prompt_clean
"""Write a compelling science fiction short story about a highly advanced robot named AURA (Artificial Unit for Realistic Affection) who has served humanity for decades and begins to develop a desire to become human. The story should explore AURA's inner thoughts, emotional awakening, and the philosophical questions it wrestles with — including what it means to have a soul, to love, and to suffer. Introduce a key human character (a scientist, a child, or a friend) who influences AURA’s journey. The story should be rich in emotional depth, include moments of reflection, a turning point or conflict, and an impactful ending that leaves the reader thinking about the boundary between artificial and real life. Aim for at least 500 words.",writing,write a compelling science fiction short story about a highly advanced robot named aura artificial unit for realistic affection who has served humanity for decades and begins to develop a desire to become human the story should explore auras inner thoughts emotional awakening and the philosophical questions it wrestles with including what it means to have a soul to love and to suffer introduce a key human character a scientist a child or a friend who influences auras journey the story should be rich in emotional depth include moments of reflection a turning point or conflict and an impactful ending that leaves the reader thinking about the boundary between artificial and real life aim for at least words
"You're a brand strategist hired to help rebrand a struggling tech startup that builds AI-powered to-do list apps. Create a new name, a compelling brand mission, a slogan, and a 3-point marketing pitch aimed at Gen Z freelancers. The rebrand should feel fresh, minimalistic, and emotionally appealing, while addressing user pain points like overwhelm and digital burnout.",business,youre a brand strategist hired to help rebrand a struggling tech startup that builds aipowered todo list apps create a new name a compelling brand mission a slogan and a point marketing pitch aimed at gen z freelancers the rebrand should feel fresh minimalistic and emotionally appealing while addressing user pain points like overwhelm and digital burnout
"Write a Socratic-style dialogue between a philosopher and a teenager who spends 8+ hours a day on social media. The philosopher should challenge the teen's assumptions while encouraging critical thinking about autonomy, happiness, and attention. The dialogue should be intellectually engaging but accessible.",education,write a socraticstyle dialogue between a philosopher and a teenager who spends hours a day on social media the philosopher should challenge the teens assumptions while encouraging critical thinking about autonomy happiness and attention the dialogue should be intellectually engaging but accessible
prompt 1,misc,prompt
"Write a detailed blog post about the current trends in artificial intelligence. Start with an introduction to AI and its growing impact across industries. Discuss the latest technologies, including machine learning, deep learning, and natural language processing. Include real-world applications in healthcare, finance, and education. Explain potential risks and ethical considerations surrounding AI. Highlight how businesses are leveraging AI to improve productivity and innovation. Offer insights into AI startups and emerging tools in the market. Provide examples of successful AI implementations and case studies. Suggest future developments and opportunities for AI research. Conclude with a summary of the key takeaways for readers seeking to understand AI today.",writing,write a detailed blog post about the current trends in artificial intelligence start with an introduction to ai and its growing impact across industries discuss the latest technologies including machine learning deep learning and natural language processing include realworld applications in healthcare finance and education explain potential risks and ethical considerations surrounding ai highlight how businesses are leveraging ai to improve productivity and innovation offer insights into ai startups and emerging tools in the market provide examples of successful ai implementations and case studies suggest future developments and opportunities for ai research conclude with a summary of the key takeaways for readers seeking to understand ai today
"Write a detailed blog post about the current trends in artificial intelligence. Start with an introduction to AI and its growing impact across industries. Discuss the latest technologies, including machine learning, deep learning, and natural language processing. Include real-world applications in healthcare, finance, and education. Explain potential risks and ethical considerations surrounding AI. Highlight how businesses are leveraging AI to improve productivity and innovation. Offer insights into AI startups and emerging tools in the market. Provide examples of successful AI implementations and case studies. Suggest future developments and opportunities for AI research. Conclude with a summary of the key takeaways for readers seeking to understand AI today.",writing,write a detailed blog post about the current trends in artificial intelligence start with an introduction to ai and its growing impact across industries discuss the latest technologies including machine learning deep learning and natural language processing include realworld applications in healthcare finance and education explain potential risks and ethical considerations surrounding ai highlight how businesses are leveraging ai to improve productivity and innovation offer insights into ai startups and emerging tools in the market provide examples of successful ai implementations and case studies suggest future developments and opportunities for ai research conclude with a summary of the key takeaways for readers seeking to understand ai today
"Create a professional resume for a software engineer with 5 years of experience. Include personal details, a professional summary, core skills, technical proficiencies, key achievements, project experience with detailed descriptions, education background, certifications, and relevant extracurricular activities. Ensure the resume is ATS-friendly, formatted cleanly, and highlights the candidate's expertise. Add a cover letter section introducing the candidate and their motivation for the desired role. Include tips for customization for specific job applications and how to optimize keywords for job portals.",business,create a professional resume for a software engineer with years of experience include personal details a professional summary core skills technical proficiencies key achievements project experience with detailed descriptions education background certifications and relevant extracurricular activities ensure the resume is atsfriendly formatted cleanly and highlights the candidates expertise add a cover letter section introducing the candidate and their motivation for the desired role include tips for customization for specific job applications and how to optimize keywords for job portals
"Design a visually appealing poster for an upcoming music festival. Include the festival name, date, location, and featured artists. Use vibrant colors, eye-catching typography, and thematic graphics to attract attendees. Include ticketing information, sponsors, and social media handles. Create multiple versions suitable for print and digital sharing. Ensure accessibility for colorblind viewers. Highlight any special events or experiences happening during the festival. Add a section for QR code for online ticket purchases. Provide a mockup presentation showing poster placement in public spaces. Write a short description to accompany the poster for social media promotion.",design,design a visually appealing poster for an upcoming music festival include the festival name date location and featured artists use vibrant colors eyecatching typography and thematic graphics to attract attendees include ticketing information sponsors and social media handles create multiple versions suitable for print and digital sharing ensure accessibility for colorblind viewers highlight any special events or experiences happening during the festival add a section for qr code for online ticket purchases provide a mockup presentation showing poster placement in public spaces write a short description to accompany the poster for social media promotion
"Teach the fundamentals of Python programming to beginners. Start with setting up the Python environment and installing necessary tools. Explain basic syntax, variables, data types, and operators. Include control flow statements like loops and conditionals. Demonstrate functions, modules, and file handling. Incorporate practical examples like simple calculators, text processing, and data manipulation tasks. Include exercises at the end of each section with solutions. Offer guidance on best coding practices and debugging techniques. Provide a small project at the end integrating all learned concepts. Suggest next steps for learning advanced topics and libraries.",education,teach the fundamentals of python programming to beginners start with setting up the python environment and installing necessary tools explain basic syntax variables data types and operators include control flow statements like loops and conditionals demonstrate functions modules and file handling incorporate practical examples like simple calculators text processing and data manipulation tasks include exercises at the end of each section with solutions offer guidance on best coding practices and debugging techniques provide a small project at the end integrating all learned concepts suggest next steps for learning advanced topics and libraries
"Write a research paper abstract on climate change impacts in urban areas. Summarize key findings from recent studies on temperature rise, air pollution, and urban heat islands. Highlight the methodology used for data collection and analysis. Include statistics and observed trends. Discuss social, economic, and environmental consequences of climate change in cities. Suggest mitigation strategies like green infrastructure, sustainable transport, and policy recommendations. Include references to key studies and reports. Emphasize the novelty of the research findings. Provide a concise conclusion with potential areas for further research. Ensure clarity and scientific accuracy throughout the abstract.",research,write a research paper abstract on climate change impacts in urban areas summarize key findings from recent studies on temperature rise air pollution and urban heat islands highlight the methodology used for data collection and analysis include statistics and observed trends discuss social economic and environmental consequences of climate change in cities suggest mitigation strategies like green infrastructure sustainable transport and policy recommendations include references to key studies and reports emphasize the novelty of the research findings provide a concise conclusion with potential areas for further research ensure clarity and scientific accuracy throughout the abstract
"Generate an image of a futuristic city skyline at sunset. Include tall, sleek skyscrapers with glowing lights, flying vehicles, and holographic advertisements. Use realistic lighting with reflections on water bodies. Add streets bustling with futuristic pedestrians and robots. Incorporate elements of greenery such as rooftop gardens. Highlight a central landmark building that draws focus. Include atmospheric effects like haze or light fog for depth. Create multiple angles to showcase the skyline. Ensure the scene has a cinematic and immersive quality. Provide a brief description of the technology and materials imagined in the city.",art,generate an image of a futuristic city skyline at sunset include tall sleek skyscrapers with glowing lights flying vehicles and holographic advertisements use realistic lighting with reflections on water bodies add streets bustling with futuristic pedestrians and robots incorporate elements of greenery such as rooftop gardens highlight a central landmark building that draws focus include atmospheric effects like haze or light fog for depth create multiple angles to showcase the skyline ensure the scene has a cinematic and immersive quality provide a brief description of the technology and materials imagined in the city
"Create a social media marketing campaign for an eco-friendly product. Outline campaign objectives, target audience, key messaging, and visual style. Develop content ideas for posts, stories, and videos across platforms. Schedule a posting calendar with frequency and timings. Include engagement strategies such as contests, challenges, and user-generated content. Highlight unique selling points of the product. Suggest influencer collaborations and partnerships. Define metrics to measure campaign success. Draft example captions and hashtags. Conclude with recommendations for continuous optimization based on analytics.",marketing,create a social media marketing campaign for an ecofriendly product outline campaign objectives target audience key messaging and visual style develop content ideas for posts stories and videos across platforms schedule a posting calendar with frequency and timings include engagement strategies such as contests challenges and usergenerated content highlight unique selling points of the product suggest influencer collaborations and partnerships define metrics to measure campaign success draft example captions and hashtags conclude with recommendations for continuous optimization based on analytics
"Design a book cover for a mystery novel set in Victorian London. Use dark and moody color palettes with shadows and fog. Include iconic elements like gas lamps, cobblestone streets, and horse-drawn carriages. Feature the protagonist subtly in the background or silhouette. Add intricate typography for the title and author name. Ensure the design conveys suspense and intrigue. Include a back cover with a synopsis and space for publisher information. Prepare a spine design for print editions. Provide digital mockups for e-book platforms. Suggest variations suitable for social media teasers.",design,design a book cover for a mystery novel set in victorian london use dark and moody color palettes with shadows and fog include iconic elements like gas lamps cobblestone streets and horsedrawn carriages feature the protagonist subtly in the background or silhouette add intricate typography for the title and author name ensure the design conveys suspense and intrigue include a back cover with a synopsis and space for publisher information prepare a spine design for print editions provide digital mockups for ebook platforms suggest variations suitable for social media teasers
"Write a detailed tutorial on data visualization using Python. Cover libraries such as matplotlib, seaborn, and plotly. Explain plotting different chart types: line, bar, scatter, histogram, and heatmap. Include examples using real datasets. Teach customization of charts: colors, labels, titles, and legends. Demonstrate how to combine multiple plots in a figure. Explain interactive visualizations and exporting images. Include exercises with solutions for practice. Discuss best practices in presenting data clearly and accurately. Conclude with resources for further learning and advanced visualization techniques.",education,write a detailed tutorial on data visualization using python cover libraries such as matplotlib seaborn and plotly explain plotting different chart types line bar scatter histogram and heatmap include examples using real datasets teach customization of charts colors labels titles and legends demonstrate how to combine multiple plots in a figure explain interactive visualizations and exporting images include exercises with solutions for practice discuss best practices in presenting data clearly and accurately conclude with resources for further learning and advanced visualization techniques
"Generate an AI artwork of a serene mountain landscape at dawn. Include snow-capped peaks, reflective lakes, and lush forests. Add realistic morning light with subtle fog. Incorporate wildlife like deer or birds in the scene. Ensure balanced composition and depth. Use soft color gradients for the sky. Highlight reflections and water ripples realistically. Include pathways or trails to add scale. Provide multiple perspectives and zoom levels. Write a short description capturing the mood and inspiration behind the artwork.",art,generate an ai artwork of a serene mountain landscape at dawn include snowcapped peaks reflective lakes and lush forests add realistic morning light with subtle fog incorporate wildlife like deer or birds in the scene ensure balanced composition and depth use soft color gradients for the sky highlight reflections and water ripples realistically include pathways or trails to add scale provide multiple perspectives and zoom levels write a short description capturing the mood and inspiration behind the artwork
"Write a detailed blog post about the current trends in artificial intelligence. Start with an introduction to AI and its growing impact across industries. Discuss the latest technologies, including machine learning, deep learning, and natural language processing. Include real-world applications in healthcare, finance, and education. Explain potential risks and ethical considerations surrounding AI. Highlight how businesses are leveraging AI to improve productivity and innovation. Offer insights into AI startups and emerging tools in the market. Provide examples of successful AI implementations and case studies. Suggest future developments and opportunities for AI research. Conclude with a summary of the key takeaways for readers seeking to understand AI today.",writing,write a detailed blog post about the current trends in artificial intelligence start with an introduction to ai and its growing impact across industries discuss the latest technologies including machine learning deep learning and natural language processing include realworld applications in healthcare finance and education explain potential risks and ethical considerations surrounding ai highlight how businesses are leveraging ai to improve productivity and innovation offer insights into ai startups and emerging tools in the market provide examples of successful ai implementations and case studies suggest future developments and opportunities for ai research conclude with a summary of the key takeaways for readers seeking to understand ai today
"Create a professional resume for a software engineer with 5 years of experience. Include personal details, a professional summary, core skills, technical proficiencies, key achievements, project experience with detailed descriptions, education background, certifications, and relevant extracurricular activities. Ensure the resume is ATS-friendly, formatted cleanly, and highlights the candidate's expertise. Add a cover letter section introducing the candidate and their motivation for the desired role. Include tips for customization for specific job applications and how to optimize keywords for job portals.",business,create a professional resume for a software engineer with years of experience include personal details a professional summary core skills technical proficiencies key achievements project experience with detailed descriptions education background certifications and relevant extracurricular activities ensure the resume is atsfriendly formatted cleanly and highlights the candidates expertise add a cover letter section introducing the candidate and their motivation for the desired role include tips for customization for specific job applications and how to optimize keywords for job portals
"Design a visually appealing poster for an upcoming music festival. Include the festival name, date, location, and featured artists. Use vibrant colors, eye-catching typography, and thematic graphics to attract attendees. Include ticketing information, sponsors, and social media handles. Create multiple versions suitable for print and digital sharing. Ensure accessibility for colorblind viewers. Highlight any special events or experiences happening during the festival. Add a section for QR code for online ticket purchases. Provide a mockup presentation showing poster placement in public spaces. Write a short description to accompany the poster for social media promotion.",design,design a visually appealing poster for an upcoming music festival include the festival name date location and featured artists use vibrant colors eyecatching typography and thematic graphics to attract attendees include ticketing information sponsors and social media handles create multiple versions suitable for print and digital sharing ensure accessibility for colorblind viewers highlight any special events or experiences happening during the festival add a section for qr code for online ticket purchases provide a mockup presentation showing poster placement in public spaces write a short description to accompany the poster for social media promotion
"Teach the fundamentals of Python programming to beginners. Start with setting up the Python environment and installing necessary tools. Explain basic syntax, variables, data types, and operators. Include control flow statements like loops and conditionals. Demonstrate functions, modules, and file handling. Incorporate practical examples like simple calculators, text processing, and data manipulation tasks. Include exercises at the end of each section with solutions. Offer guidance on best coding practices and debugging techniques. Provide a small project at the end integrating all learned concepts. Suggest next steps for learning advanced topics and libraries.",education,teach the fundamentals of python programming to beginners start with setting up the python environment and installing necessary tools explain basic syntax variables data types and operators include control flow statements like loops and conditionals demonstrate functions modules and file handling incorporate practical examples like simple calculators text processing and data manipulation tasks include exercises at the end of each section with solutions offer guidance on best coding practices and debugging techniques provide a small project at the end integrating all learned concepts suggest next steps for learning advanced topics and libraries
"Write a research paper abstract on climate change impacts in urban areas. Summarize key findings from recent studies on temperature rise, air pollution, and urban heat islands. Highlight the methodology used for data collection and analysis. Include statistics and observed trends. Discuss social, economic, and environmental consequences of climate change in cities. Suggest mitigation strategies like green infrastructure, sustainable transport, and policy recommendations. Include references to key studies and reports. Emphasize the novelty of the research findings. Provide a concise conclusion with potential areas for further research. Ensure clarity and scientific accuracy throughout the abstract.",research,write a research paper abstract on climate change impacts in urban areas summarize key findings from recent studies on temperature rise air pollution and urban heat islands highlight the methodology used for data collection and analysis include statistics and observed trends discuss social economic and environmental consequences of climate change in cities suggest mitigation strategies like green infrastructure sustainable transport and policy recommendations include references to key studies and reports emphasize the novelty of the research findings provide a concise conclusion with potential areas for further research ensure clarity and scientific accuracy throughout the abstract
"Generate an image of a futuristic city skyline at sunset. Include tall, sleek skyscrapers with glowing lights, flying vehicles, and holographic advertisements. Use realistic lighting with reflections on water bodies. Add streets bustling with futuristic pedestrians and robots. Incorporate elements of greenery such as rooftop gardens. Highlight a central landmark building that draws focus. Include atmospheric effects like haze or light fog for depth. Create multiple angles to showcase the skyline. Ensure the scene has a cinematic and immersive quality. Provide a brief description of the technology and materials imagined in the city.",art,generate an image of a futuristic city skyline at sunset include tall sleek skyscrapers with glowing lights flying vehicles and holographic advertisements use realistic lighting with reflections on water bodies add streets bustling with futuristic pedestrians and robots incorporate elements of greenery such as rooftop gardens highlight a central landmark building that draws focus include atmospheric effects like haze or light fog for depth create multiple angles to showcase the skyline ensure the scene has a cinematic and immersive quality provide a brief description of the technology and materials imagined in the city
"Create a social media marketing campaign for an eco-friendly product. Outline campaign objectives, target audience, key messaging, and visual style. Develop content ideas for posts, stories, and videos across platforms. Schedule a posting calendar with frequency and timings. Include engagement strategies such as contests, challenges, and user-generated content. Highlight unique selling points of the product. Suggest influencer collaborations and partnerships. Define metrics to measure campaign success. Draft example captions and hashtags. Conclude with recommendations for continuous optimization based on analytics.",marketing,create a social media marketing campaign for an ecofriendly product outline campaign objectives target audience key messaging and visual style develop content ideas for posts stories and videos across platforms schedule a posting calendar with frequency and timings include engagement strategies such as contests challenges and usergenerated content highlight unique selling points of the product suggest influencer collaborations and partnerships define metrics to measure campaign success draft example captions and hashtags conclude with recommendations for continuous optimization based on analytics
"Design a book cover for a mystery novel set in Victorian London. Use dark and moody color palettes with shadows and fog. Include iconic elements like gas lamps, cobblestone streets, and horse-drawn carriages. Feature the protagonist subtly in the background or silhouette. Add intricate typography for the title and author name. Ensure the design conveys suspense and intrigue. Include a back cover with a synopsis and space for publisher information. Prepare a spine design for print editions. Provide digital mockups for e-book platforms. Suggest variations suitable for social media teasers.",design,design a book cover for a mystery novel set in victorian london use dark and moody color palettes with shadows and fog include iconic elements like gas lamps cobblestone streets and horsedrawn carriages feature the protagonist subtly in the background or silhouette add intricate typography for the title and author name ensure the design conveys suspense and intrigue include a back cover with a synopsis and space for publisher information prepare a spine design for print editions provide digital mockups for ebook platforms suggest variations suitable for social media teasers
"Write a detailed tutorial on data visualization using Python. Cover libraries such as matplotlib, seaborn, and plotly. Explain plotting different chart types: line, bar, scatter, histogram, and heatmap. Include examples using real datasets. Teach customization of charts: colors, labels, titles, and legends. Demonstrate how to combine multiple plots in a figure. Explain interactive visualizations and exporting images. Include exercises with solutions for practice. Discuss best practices in presenting data clearly and accurately. Conclude with resources for further learning and advanced visualization techniques.",education,write a detailed tutorial on data visualization using python cover libraries such as matplotlib seaborn and plotly explain plotting different chart types line bar scatter histogram and heatmap include examples using real datasets teach customization of charts colors labels titles and legends demonstrate how to combine multiple plots in a figure explain interactive visualizations and exporting images include exercises with solutions for practice discuss best practices in presenting data clearly and accurately conclude with resources for further learning and advanced visualization techniques
"Generate an AI artwork of a serene mountain landscape at dawn. Include snow-capped peaks, reflective lakes, and lush forests. Add realistic morning light with subtle fog. Incorporate wildlife like deer or birds in the scene. Ensure balanced composition and depth. Use soft color gradients for the sky. Highlight reflections and water ripples realistically. Include pathways or trails to add scale. Provide multiple perspectives and zoom levels. Write a short description capturing the mood and inspiration behind the artwork.",art,generate an ai artwork of a serene mountain landscape at dawn include snowcapped peaks reflective lakes and lush forests add realistic morning light with subtle fog incorporate wildlife like deer or birds in the scene ensure balanced composition and depth use soft color gradients for the sky highlight reflections and water ripples realistically include pathways or trails to add scale provide multiple perspectives and zoom levels write a short description capturing the mood and inspiration behind the artwork
"Write a detailed blog post about the current trends in artificial intelligence. Start with an introduction to AI and its growing impact across industries. Discuss the latest technologies, including machine learning, deep learning, and natural language processing. Include real-world applications in healthcare, finance, and education. Explain potential risks and ethical considerations surrounding AI. Highlight how businesses are leveraging AI to improve productivity and innovation. Offer insights into AI startups and emerging tools in the market. Provide examples of successful AI implementations and case studies. Suggest future developments and opportunities for AI research. Conclude with a summary of the key takeaways for readers seeking to understand AI today.",writing,write a detailed blog post about the current trends in artificial intelligence start with an introduction to ai and its growing impact across industries discuss the latest technologies including machine learning deep learning and natural language processing include realworld applications in healthcare finance and education explain potential risks and ethical considerations surrounding ai highlight how businesses are leveraging ai to improve productivity and innovation offer insights into ai startups and emerging tools in the market provide examples of successful ai implementations and case studies suggest future developments and opportunities for ai research conclude with a summary of the key takeaways for readers seeking to understand ai today
"Create a professional resume for a software engineer with 5 years of experience. Include personal details, a professional summary, core skills, technical proficiencies, key achievements, project experience with detailed descriptions, education background, certifications, and relevant extracurricular activities. Ensure the resume is ATS-friendly, formatted cleanly, and highlights the candidate's expertise. Add a cover letter section introducing the candidate and their motivation for the desired role. Include tips for customization for specific job applications and how to optimize keywords for job portals.",business,create a professional resume for a software engineer with years of experience include personal details a professional summary core skills technical proficiencies key achievements project experience with detailed descriptions education background certifications and relevant extracurricular activities ensure the resume is atsfriendly formatted cleanly and highlights the candidates expertise add a cover letter section introducing the candidate and their motivation for the desired role include tips for customization for specific job applications and how to optimize keywords for job portals
"Design a visually appealing poster for an upcoming music festival. Include the festival name, date, location, and featured artists. Use vibrant colors, eye-catching typography, and thematic graphics to attract attendees. Include ticketing information, sponsors, and social media handles. Create multiple versions suitable for print and digital sharing. Ensure accessibility for colorblind viewers. Highlight any special events or experiences happening during the festival. Add a section for QR code for online ticket purchases. Provide a mockup presentation showing poster placement in public spaces. Write a short description to accompany the poster for social media promotion.",design,design a visually appealing poster for an upcoming music festival include the festival name date location and featured artists use vibrant colors eyecatching typography and thematic graphics to attract attendees include ticketing information sponsors and social media handles create multiple versions suitable for print and digital sharing ensure accessibility for colorblind viewers highlight any special events or experiences happening during the festival add a section for qr code for online ticket purchases provide a mockup presentation showing poster placement in public spaces write a short description to accompany the poster for social media promotion
"Teach the fundamentals of Python programming to beginners. Start with setting up the Python environment and installing necessary tools. Explain basic syntax, variables, data types, and operators. Include control flow statements like loops and conditionals. Demonstrate functions, modules, and file handling. Incorporate practical examples like simple calculators, text processing, and data manipulation tasks. Include exercises at the end of each section with solutions. Offer guidance on best coding practices and debugging techniques. Provide a small project at the end integrating all learned concepts. Suggest next steps for learning advanced topics and libraries.",education,teach the fundamentals of python programming to beginners start with setting up the python environment and installing necessary tools explain basic syntax variables data types and operators include control flow statements like loops and conditionals demonstrate functions modules and file handling incorporate practical examples like simple calculators text processing and data manipulation tasks include exercises at the end of each section with solutions offer guidance on best coding practices and debugging techniques provide a small project at the end integrating all learned concepts suggest next steps for learning advanced topics and libraries
"Write a research paper abstract on climate change impacts in urban areas. Summarize key findings from recent studies on temperature rise, air pollution, and urban heat islands. Highlight the methodology used for data collection and analysis. Include statistics and observed trends. Discuss social, economic, and environmental consequences of climate change in cities. Suggest mitigation strategies like green infrastructure, sustainable transport, and policy recommendations. Include references to key studies and reports. Emphasize the novelty of the research findings. Provide a concise conclusion with potential areas for further research. Ensure clarity and scientific accuracy throughout the abstract.",research,write a research paper abstract on climate change impacts in urban areas summarize key findings from recent studies on temperature rise air pollution and urban heat islands highlight the methodology used for data collection and analysis include statistics and observed trends discuss social economic and environmental consequences of climate change in cities suggest mitigation strategies like green infrastructure sustainable transport and policy recommendations include references to key studies and reports emphasize the novelty of the research findings provide a concise conclusion with potential areas for further research ensure clarity and scientific accuracy throughout the abstract
"Generate an image of a futuristic city skyline at sunset. Include tall, sleek skyscrapers with glowing lights, flying vehicles, and holographic advertisements. Use realistic lighting with reflections on water bodies. Add streets bustling with futuristic pedestrians and robots. Incorporate elements of greenery such as rooftop gardens. Highlight a central landmark building that draws focus. Include atmospheric effects like haze or light fog for depth. Create multiple angles to showcase the skyline. Ensure the scene has a cinematic and immersive quality. Provide a brief description of the technology and materials imagined in the city.",art,generate an image of a futuristic city skyline at sunset include tall sleek skyscrapers with glowing lights flying vehicles and holographic advertisements use realistic lighting with reflections on water bodies add streets bustling with futuristic pedestrians and robots incorporate elements of greenery such as rooftop gardens highlight a central landmark building that draws focus include atmospheric effects like haze or light fog for depth create multiple angles to showcase the skyline ensure the scene has a cinematic and immersive quality provide a brief description of the technology and materials imagined in the city
"Create a social media marketing campaign for an eco-friendly product. Outline campaign objectives, target audience, key messaging, and visual style. Develop content ideas for posts, stories, and videos across platforms. Schedule a posting calendar with frequency and timings. Include engagement strategies such as contests, challenges, and user-generated content. Highlight unique selling points of the product. Suggest influencer collaborations and partnerships. Define metrics to measure campaign success. Draft example captions and hashtags. Conclude with recommendations for continuous optimization based on analytics.",marketing,create a social media marketing campaign for an ecofriendly product outline campaign objectives target audience key messaging and visual style develop content ideas for posts stories and videos across platforms schedule a posting calendar with frequency and timings include engagement strategies such as contests challenges and usergenerated content highlight unique selling points of the product suggest influencer collaborations and partnerships define metrics to measure campaign success draft example captions and hashtags conclude with recommendations for continuous optimization based on analytics
"Design a book cover for a mystery novel set in Victorian London. Use dark and moody color palettes with shadows and fog. Include iconic elements like gas lamps, cobblestone streets, and horse-drawn carriages. Feature the protagonist subtly in the background or silhouette. Add intricate typography for the title and author name. Ensure the design conveys suspense and intrigue. Include a back cover with a synopsis and space for publisher information. Prepare a spine design for print editions. Provide digital mockups for e-book platforms. Suggest variations suitable for social media teasers.",design,design a book cover for a mystery novel set in victorian london use dark and moody color palettes with shadows and fog include iconic elements like gas lamps cobblestone streets and horsedrawn carriages feature the protagonist subtly in the background or silhouette add intricate typography for the title and author name ensure the design conveys suspense and intrigue include a back cover with a synopsis and space for publisher information prepare a spine design for print editions provide digital mockups for ebook platforms suggest variations suitable for social media teasers
"Write a detailed tutorial on data visualization using Python. Cover libraries such as matplotlib, seaborn, and plotly. Explain plotting different chart types: line, bar, scatter, histogram, and heatmap. Include examples using real datasets. Teach customization of charts: colors, labels, titles, and legends. Demonstrate how to combine multiple plots in a figure. Explain interactive visualizations and exporting images. Include exercises with solutions for practice. Discuss best practices in presenting data clearly and accurately. Conclude with resources for further learning and advanced visualization techniques.",education,write a detailed tutorial on data visualization using python cover libraries such as matplotlib seaborn and plotly explain plotting different chart types line bar scatter histogram and heatmap include examples using real datasets teach customization of charts colors labels titles and legends demonstrate how to combine multiple plots in a figure explain interactive visualizations and exporting images include exercises with solutions for practice discuss best practices in presenting data clearly and accurately conclude with resources for further learning and advanced visualization techniques
"Generate an AI artwork of a serene mountain landscape at dawn. Include snow-capped peaks, reflective lakes, and lush forests. Add realistic morning light with subtle fog. Incorporate wildlife like deer or birds in the scene. Ensure balanced composition and depth. Use soft color gradients for the sky. Highlight reflections and water ripples realistically. Include pathways or trails to add scale. Provide multiple perspectives and zoom levels. Write a short description capturing the mood and inspiration behind the artwork.",art,generate an ai artwork of a serene mountain landscape at dawn include snowcapped peaks reflective lakes and lush forests add realistic morning light with subtle fog incorporate wildlife like deer or birds in the scene ensure balanced composition and depth use soft color gradients for the sky highlight reflections and water ripples realistically include pathways or trails to add scale provide multiple perspectives and zoom levels write a short description capturing the mood and inspiration behind the artwork
"You are a marketing consultant who has been hired to develop a comprehensive marketing strategy for a newly launched eco-friendly water bottle brand. Your task is to thoroughly identify the target audience, detailing their demographics, interests, lifestyle choices, and behavioral patterns that influence purchasing decisions. Next, propose creative social media campaigns across multiple platforms such as Instagram, TikTok, and LinkedIn, ensuring that each campaign captures the unique tone and engagement style of the platform. Include examples of engaging ad copy and visual content ideas that would resonate with the audience.

Design strategies for influencer partnerships and brand collaborations that can boost credibility and reach. Develop a three-month content calendar, specifying the type of content to be published, frequency, and key themes. Provide recommendations for email marketing campaigns, including automated sequences and newsletters that nurture potential customers.

Explain how to measure campaign effectiveness using relevant KPIs and analytics tools, and discuss possible challenges that could arise, along with strategies to overcome them. Outline a budget allocation plan for each marketing channel and justify why these choices maximize ROI. Finally, suggest approaches to build brand loyalty and maintain long-term engagement with customers, creating a sustainable and recognizable brand presence in the market.",other,you are a marketing consultant who has been hired to develop a comprehensive marketing strategy for a newly launched ecofriendly water bottle brand your task is to thoroughly identify the target audience detailing their demographics interests lifestyle choices and behavioral patterns that influence purchasing decisions next propose creative social media campaigns across multiple platforms such as instagram tiktok and linkedin ensuring that each campaign captures the unique tone and engagement style of the platform include examples of engaging ad copy and visual content ideas that would resonate with the audience design strategies for influencer partnerships and brand collaborations that can boost credibility and reach develop a threemonth content calendar specifying the type of content to be published frequency and key themes provide recommendations for email marketing campaigns including automated sequences and newsletters that nurture potential customers explain how to measure campaign effectiveness using relevant kpis and analytics tools and discuss possible challenges that could arise along with strategies to overcome them outline a budget allocation plan for each marketing channel and justify why these choices maximize roi finally suggest approaches to build brand loyalty and maintain longterm engagement with customers creating a sustainable and recognizable brand presence in the market
"You are a marketing consultant tasked with creating a detailed launch strategy for a new eco-friendly product line. Explain step by step how to identify the target audience, including demographics, interests, and behavioral patterns. Suggest innovative campaigns across Instagram, TikTok, and LinkedIn. Provide examples of ad copy and visuals. Include strategies for influencer collaborations and partnerships. Outline a content calendar for the first three months. Recommend email marketing sequences. Discuss ways to measure campaign effectiveness using KPIs and analytics tools. Include potential challenges and solutions. Suggest budget allocation and justify the choices. Finally, propose methods for building long-term customer engagement.",business,you are a marketing consultant tasked with creating a detailed launch strategy for a new ecofriendly product line explain step by step how to identify the target audience including demographics interests and behavioral patterns suggest innovative campaigns across instagram tiktok and linkedin provide examples of ad copy and visuals include strategies for influencer collaborations and partnerships outline a content calendar for the first three months recommend email marketing sequences discuss ways to measure campaign effectiveness using kpis and analytics tools include potential challenges and solutions suggest budget allocation and justify the choices finally propose methods for building longterm customer engagement
"Write a compelling short story about a detective who discovers a mysterious device that allows them to travel through time. Describe their first mission using the device, the challenges they face, and how they solve a complex mystery. Include dialogue, vivid settings, and emotional reactions. Show how the detective's understanding of time affects their moral decisions. Build suspense and keep the reader engaged from start to finish.",writing,write a compelling short story about a detective who discovers a mysterious device that allows them to travel through time describe their first mission using the device the challenges they face and how they solve a complex mystery include dialogue vivid settings and emotional reactions show how the detectives understanding of time affects their moral decisions build suspense and keep the reader engaged from start to finish
"You are a brand strategist hired to help rebrand a struggling tech startup. Analyze the current brand perception, identify gaps, and propose a new brand identity. Suggest marketing campaigns, social media strategies, and website improvements. Include target audience analysis, messaging, and positioning. Provide examples of creative content and collaborations. Recommend short-term and long-term metrics to track the success of the rebranding effort.",business,you are a brand strategist hired to help rebrand a struggling tech startup analyze the current brand perception identify gaps and propose a new brand identity suggest marketing campaigns social media strategies and website improvements include target audience analysis messaging and positioning provide examples of creative content and collaborations recommend shortterm and longterm metrics to track the success of the rebranding effort
"Write a Socratic-style dialogue between a philosopher and a teenager about digital addiction. Discuss the psychological, social, and moral aspects. Show multiple perspectives and questions that lead to deeper reflection. Include examples and anecdotes to make the conversation realistic and engaging. Conclude with a thought-provoking statement or lesson learned by the characters.",education,write a socraticstyle dialogue between a philosopher and a teenager about digital addiction discuss the psychological social and moral aspects show multiple perspectives and questions that lead to deeper reflection include examples and anecdotes to make the conversation realistic and engaging conclude with a thoughtprovoking statement or lesson learned by the characters
"Write a compelling short story about a detective who discovers a mysterious device that allows them to travel through time. Describe their first mission using the device, the challenges they face, and how they solve a complex mystery. Include dialogue, vivid settings, and emotional reactions. Show how the detective's understanding of time affects their moral decisions. Build suspense and keep the reader engaged from start to finish.",writing,write a compelling short story about a detective who discovers a mysterious device that allows them to travel through time describe their first mission using the device the challenges they face and how they solve a complex mystery include dialogue vivid settings and emotional reactions show how the detectives understanding of time affects their moral decisions build suspense and keep the reader engaged from start to finish
"You are a brand strategist hired to help rebrand a struggling tech startup. Analyze the current brand perception, identify gaps, and propose a new brand identity. Suggest marketing campaigns, social media strategies, and website improvements. Include target audience analysis, messaging, and positioning. Provide examples of creative content and collaborations. Recommend short-term and long-term metrics to track the success of the rebranding effort.",business,you are a brand strategist hired to help rebrand a struggling tech startup analyze the current brand perception identify gaps and propose a new brand identity suggest marketing campaigns social media strategies and website improvements include target audience analysis messaging and positioning provide examples of creative content and collaborations recommend shortterm and longterm metrics to track the success of the rebranding effort
"Write a Socratic-style dialogue between a philosopher and a teenager about digital addiction. Discuss the psychological, social, and moral aspects. Show multiple perspectives and questions that lead to deeper reflection. Include examples and anecdotes to make the conversation realistic and engaging. Conclude with a thought-provoking statement or lesson learned by the characters.",education,write a socraticstyle dialogue between a philosopher and a teenager about digital addiction discuss the psychological social and moral aspects show multiple perspectives and questions that lead to deeper reflection include examples and anecdotes to make the conversation realistic and engaging conclude with a thoughtprovoking statement or lesson learned by the characters
"Create a concept for a minimalist logo for a new boutique coffee shop. Consider color psychology, typography, and symbolism. Provide mockups and explain why your design represents the brand’s values and target audience. Include variations for social media, signage, and merchandise. Justify your design choices and how they communicate the brand message effectively.",design,create a concept for a minimalist logo for a new boutique coffee shop consider color psychology typography and symbolism provide mockups and explain why your design represents the brands values and target audience include variations for social media signage and merchandise justify your design choices and how they communicate the brand message effectively
"Conceptualize a modern art piece that explores human emotions in urban life. Describe the medium, color palette, composition, and symbolism. Include a short artist statement explaining the inspiration and message behind the artwork. Suggest ways to display the piece in galleries and public spaces. Include sketches or mockups if possible.",art,conceptualize a modern art piece that explores human emotions in urban life describe the medium color palette composition and symbolism include a short artist statement explaining the inspiration and message behind the artwork suggest ways to display the piece in galleries and public spaces include sketches or mockups if possible
"You are tasked with creating a comprehensive social media marketing plan for a new fitness app. Identify the target audience, suggest campaign types, content ideas, posting schedules, influencer collaborations, and engagement strategies. Include performance metrics, tools to track campaigns, and tips to improve reach and conversion. Present a three-month plan with examples of posts, visuals, and hashtags.",marketing,you are tasked with creating a comprehensive social media marketing plan for a new fitness app identify the target audience suggest campaign types content ideas posting schedules influencer collaborations and engagement strategies include performance metrics tools to track campaigns and tips to improve reach and conversion present a threemonth plan with examples of posts visuals and hashtags
"Write a research paper analyzing the impact of climate change on coastal cities. Include data analysis, statistics, historical trends, and potential future scenarios. Provide visual aids like charts and graphs. Suggest policy recommendations and mitigation strategies. Include citations and references in proper academic format. Discuss limitations and assumptions of the study.",research,write a research paper analyzing the impact of climate change on coastal cities include data analysis statistics historical trends and potential future scenarios provide visual aids like charts and graphs suggest policy recommendations and mitigation strategies include citations and references in proper academic format discuss limitations and assumptions of the study
"Write a poem that connects the four seasons with human emotions. Use vivid imagery, metaphor, and rhythm. Structure the poem in multiple stanzas and include line breaks. Convey the feeling of change, growth, and reflection through the seasons. The poem should evoke a strong emotional response in the reader and provide a sense of narrative flow.",writing,write a poem that connects the four seasons with human emotions use vivid imagery metaphor and rhythm structure the poem in multiple stanzas and include line breaks convey the feeling of change growth and reflection through the seasons the poem should evoke a strong emotional response in the reader and provide a sense of narrative flow
"Develop a marketing plan for a new local bakery. Identify customer segments, suggest social media campaigns, influencer partnerships, email newsletters, and loyalty programs. Provide content ideas, visuals, posting schedules, and KPIs to track performance. Include challenges and solutions. Recommend budget allocation and justify choices. Provide a step-by-step actionable plan for the first three months.",marketing,develop a marketing plan for a new local bakery identify customer segments suggest social media campaigns influencer partnerships email newsletters and loyalty programs provide content ideas visuals posting schedules and kpis to track performance include challenges and solutions recommend budget allocation and justify choices provide a stepbystep actionable plan for the first three months
"Create a script for a short educational video explaining photosynthesis to high school students. Include an engaging introduction, step-by-step explanation of the process, diagrams or visual cues, fun facts, and a conclusion summarizing key takeaways. Make it interactive and suitable for classroom or online learning environments. Ensure clarity, accuracy, and engagement throughout the video.",education,create a script for a short educational video explaining photosynthesis to high school students include an engaging introduction stepbystep explanation of the process diagrams or visual cues fun facts and a conclusion summarizing key takeaways make it interactive and suitable for classroom or online learning environments ensure clarity accuracy and engagement throughout the video
"Write an engaging fantasy story about a young hero who must complete a quest to retrieve a legendary dragon egg. Describe the hero’s journey through mystical lands, encounters with magical creatures, challenges, and allies. Include vivid landscapes, dialogue, and plot twists. Highlight the hero’s growth and moral choices throughout the adventure. Conclude with a satisfying resolution that ties all story threads together.",writing,write an engaging fantasy story about a young hero who must complete a quest to retrieve a legendary dragon egg describe the heros journey through mystical lands encounters with magical creatures challenges and allies include vivid landscapes dialogue and plot twists highlight the heros growth and moral choices throughout the adventure conclude with a satisfying resolution that ties all story threads together
"Create a detailed marketing plan for a sustainable fashion brand. Define target demographics, propose social media campaigns, influencer collaborations, content themes, and event strategies. Include ideas for eco-friendly packaging and storytelling. Suggest metrics to track engagement, sales, and brand perception. Provide examples of visuals, ad copy, and campaigns that align with sustainability values. Outline a three-month calendar for launch activities.",marketing,create a detailed marketing plan for a sustainable fashion brand define target demographics propose social media campaigns influencer collaborations content themes and event strategies include ideas for ecofriendly packaging and storytelling suggest metrics to track engagement sales and brand perception provide examples of visuals ad copy and campaigns that align with sustainability values outline a threemonth calendar for launch activities
"Design a minimalist website mockup for a new startup. Focus on clean layouts, typography, and visual hierarchy. Include homepage, about page, and product/service pages. Explain design choices, color palette, and UX considerations. Suggest interactive elements and responsive design features. Provide example screenshots or wireframes. Justify how the design communicates the brand’s identity and enhances user experience.",design,design a minimalist website mockup for a new startup focus on clean layouts typography and visual hierarchy include homepage about page and productservice pages explain design choices color palette and ux considerations suggest interactive elements and responsive design features provide example screenshots or wireframes justify how the design communicates the brands identity and enhances user experience
"Conceptualize an abstract art piece exploring themes of chaos and order. Describe the medium, composition, textures, and color palette. Explain the symbolism behind shapes and patterns. Include ideas for gallery display and lighting. Provide sketches or mockups if possible. Suggest ways to engage the audience and provoke emotional responses. Justify artistic choices with clear reasoning.",art,conceptualize an abstract art piece exploring themes of chaos and order describe the medium composition textures and color palette explain the symbolism behind shapes and patterns include ideas for gallery display and lighting provide sketches or mockups if possible suggest ways to engage the audience and provoke emotional responses justify artistic choices with clear reasoning
"Write a thought-provoking poem exploring the relationship between technology and society. Include metaphors, imagery, and rhythm. Reflect on how technology impacts human emotions, communication, and daily life. Structure the poem with multiple stanzas and line breaks. Convey a narrative or message that resonates with modern audiences. Aim to provoke reflection and engage readers emotionally.",writing,write a thoughtprovoking poem exploring the relationship between technology and society include metaphors imagery and rhythm reflect on how technology impacts human emotions communication and daily life structure the poem with multiple stanzas and line breaks convey a narrative or message that resonates with modern audiences aim to provoke reflection and engage readers emotionally
"Write a detailed research summary discussing the ethical considerations of artificial intelligence. Include case studies, real-world examples, and potential challenges. Discuss privacy, bias, and decision-making issues. Provide references and suggest solutions for responsible AI development. Summarize key points in a structured, concise manner. Aim to inform and guide decision-makers in the tech industry.",research,write a detailed research summary discussing the ethical considerations of artificial intelligence include case studies realworld examples and potential challenges discuss privacy bias and decisionmaking issues provide references and suggest solutions for responsible ai development summarize key points in a structured concise manner aim to inform and guide decisionmakers in the tech industry
"Create a social media campaign plan for a nonprofit organization. Define campaign goals, target audience, and messaging strategy. Suggest content types, hashtags, visuals, posting schedule, and engagement techniques. Include influencer collaborations and fundraising ideas. Define KPIs to measure impact. Present a calendar for a three-month campaign with examples of posts and storytelling techniques.",marketing,create a social media campaign plan for a nonprofit organization define campaign goals target audience and messaging strategy suggest content types hashtags visuals posting schedule and engagement techniques include influencer collaborations and fundraising ideas define kpis to measure impact present a calendar for a threemonth campaign with examples of posts and storytelling techniques
"Compose a historical fiction story set in 18th century Europe. Focus on a protagonist navigating political intrigue and social challenges. Include rich historical details, authentic dialogue, and cultural context. Show character development, conflicts, and resolutions. Blend factual history with creative storytelling to make it immersive and engaging for the reader.",writing,compose a historical fiction story set in th century europe focus on a protagonist navigating political intrigue and social challenges include rich historical details authentic dialogue and cultural context show character development conflicts and resolutions blend factual history with creative storytelling to make it immersive and engaging for the reader
"Design a visual infographic highlighting key facts about mental health awareness. Include statistics, tips for self-care, common myths, and resources. Use clear typography, colors, and icons to make information accessible and engaging. Explain design choices and how they communicate the message effectively. Suggest ways to share the infographic on social media and educational platforms.",design,design a visual infographic highlighting key facts about mental health awareness include statistics tips for selfcare common myths and resources use clear typography colors and icons to make information accessible and engaging explain design choices and how they communicate the message effectively suggest ways to share the infographic on social media and educational platforms
"Develop a script for a 20-minute podcast episode exploring a fascinating scientific topic. Include a catchy introduction, main discussion points, interviews or quotes, anecdotes, and a conclusion. Ensure a conversational tone that is engaging for listeners. Provide timestamps, questions, and suggestions for audio effects. Focus on clarity, storytelling, and maintaining listener interest throughout.",writing,develop a script for a minute podcast episode exploring a fascinating scientific topic include a catchy introduction main discussion points interviews or quotes anecdotes and a conclusion ensure a conversational tone that is engaging for listeners provide timestamps questions and suggestions for audio effects focus on clarity storytelling and maintaining listener interest throughout
"Write a compelling short story about a detective who discovers a mysterious device that allows them to travel through time. Describe their first mission using the device, the challenges they face, and how they solve a complex mystery. Include dialogue, vivid settings, and emotional reactions. Show how the detective's understanding of time affects their moral decisions. Build suspense and keep the reader engaged from start to finish.
",other,write a compelling short story about a detective who discovers a mysterious device that allows them to travel through time describe their first mission using the device the challenges they face and how they solve a complex mystery include dialogue vivid settings and emotional reactions show how the detectives understanding of time affects their moral decisions build suspense and keep the reader engaged from start to finish
Write a short story about a robot who wants to become human and experiences emotions for the first time,education,write a short story about a robot who wants to become human and experiences emotions for the first time
"Write a compelling story about an explorer lost in a dense jungle. Describe the environment, the challenges faced, and how the character survives. Include suspenseful moments, encounters with wildlife, and inner reflections of the explorer.",writing,write a compelling story about an explorer lost in a dense jungle describe the environment the challenges faced and how the character survives include suspenseful moments encounters with wildlife and inner reflections of the explorer
"Create a detailed marketing plan for a newly launched mobile app. Include target audience analysis, social media strategy, influencer partnerships, and KPIs to track success.",marketing,create a detailed marketing plan for a newly launched mobile app include target audience analysis social media strategy influencer partnerships and kpis to track success
"Imagine and describe a futuristic city with advanced technology, architecture, and transportation. Explain how citizens interact with the city, and highlight the environmental and social impact.",design,imagine and describe a futuristic city with advanced technology architecture and transportation explain how citizens interact with the city and highlight the environmental and social impact
"This is sample prompt number 1. Create content based on this idea with enough detail, examples, and instructions.",marketing,this is sample prompt number create content based on this idea with enough detail examples and instructions
"This is sample prompt number 2. Create content based on this idea with enough detail, examples, and instructions.",art,this is sample prompt number create content based on this idea with enough detail examples and instructions
"This is sample prompt number 3. Create content based on this idea with enough detail, examples, and instructions.",writing,this is sample prompt number create content based on this idea with enough detail examples and instructions
"This is sample prompt number 4. Create content based on this idea with enough detail, examples, and instructions.",business,this is sample prompt number create content based on this idea with enough detail examples and instructions
"This is sample prompt number 5. Create content based on this idea with enough detail, examples, and instructions.",education,this is sample prompt number create content based on this idea with enough detail examples and instructions
"This is sample prompt number 6. Create content based on this idea with enough detail, examples, and instructions.",art,this is sample prompt number create content based on this idea with enough detail examples and instructions
"This is sample prompt number 7. Create content based on this idea with enough detail, examples, and instructions.",marketing,this is sample prompt number create content based on this idea with enough detail examples and instructions
"This is sample prompt number 8. Create content based on this idea with enough detail, examples, and instructions.",art,this is sample prompt number create content based on this idea with enough detail examples and instructions
"This is sample prompt number 9. Create content based on this idea with enough detail, examples, and instructions.",education,this is sample prompt number create content based on this idea with enough detail examples and instructions
"This is sample prompt number 10. Create content based on this idea with enough detail, examples, and instructions.",marketing,this is sample prompt number create content based on this idea with enough detail examples and instructions
"This is sample prompt number 11. Create content based on this idea with enough detail, examples, and instructions.",writing,this is sample prompt number create content based on this idea with enough detail examples and instructions
"This is sample prompt number 12. Create content based on this idea with enough detail, examples, and instructions.",marketing,this is sample prompt number create content based on this idea with enough detail examples and instructions
"This is sample prompt number 13. Create content based on this idea with enough detail, examples, and instructions.",design,this is sample prompt number create content based on this idea with enough detail examples and instructions
"This is sample prompt number 14. Create content based on this idea with enough detail, examples, and instructions.",design,this is sample prompt number create content based on this idea with enough detail examples and instructions
"This is sample prompt number 15. Create content based on this idea with enough detail, examples, and instructions.",writing,this is sample prompt number create content based on this idea with enough detail examples and instructions
"This is sample prompt number 16. Create content based on this idea with enough detail, examples, and instructions.",education,this is sample prompt number create content based on this idea with enough detail examples and instructions
"This is sample prompt number 17. Create content based on this idea with enough detail, examples, and instructions.",writing,this is sample prompt number create content based on this idea with enough detail examples and instructions
"This is sample prompt number 18. Create content based on this idea with enough detail, examples, and instructions.",marketing,this is sample prompt number create content based on this idea with enough detail examples and instructions
"This is sample prompt number 19. Create content based on this idea with enough detail, examples, and instructions.",marketing,this is sample prompt number create content based on this idea with enough detail examples and instructions
"This is sample prompt number 20. Create content based on this idea with enough detail, examples, and instructions.",design,this is sample prompt number create content based on this idea with enough detail examples and instructions
"This is sample prompt number 21. Create content based on this idea with enough detail, examples, and instructions.",writing,this is sample prompt number create content based on this idea with enough detail examples and instructions
"This is sample prompt number 22. Create content based on this idea with enough detail, examples, and instructions.",art,this is sample prompt number create content based on this idea with enough detail examples and instructions
"This is sample prompt number 23. Create content based on this idea with enough detail, examples, and instructions.",design,this is sample prompt number create content based on this idea with enough detail examples and instructions
"This is sample prompt number 24. Create content based on this idea with enough detail, examples, and instructions.",art,this is sample prompt number create content based on this idea with enough detail examples and instructions
"This is sample prompt number 25. Create content based on this idea with enough detail, examples, and instructions.",misc,this is sample prompt number create content based on this idea with enough detail examples and instructions
"This is sample prompt number 26. Create content based on this idea with enough detail, examples, and instructions.",marketing,this is sample prompt number create content based on this idea with enough detail examples and instructions
"This is sample prompt number 27. Create content based on this idea with enough detail, examples, and instructions.",research,this is sample prompt number create content based on this idea with enough detail examples and instructions
"This is sample prompt number 28. Create content based on this idea with enough detail, examples, and instructions.",art,this is sample prompt number create content based on this idea with enough detail examples and instructions
"This is sample prompt number 29. Create content based on this idea with enough detail, examples, and instructions.",marketing,this is sample prompt number create content based on this idea with enough detail examples and instructions
"This is sample prompt number 30. Create content based on this idea with enough detail, examples, and instructions.",art,this is sample prompt number create content based on this idea with enough detail examples and instructions
"This is sample prompt number 31. Create content based on this idea with enough detail, examples, and instructions.",writing,this is sample prompt number create content based on this idea with enough detail examples and instructions
"This is sample prompt number 32. Create content based on this idea with enough detail, examples, and instructions.",writing,this is sample prompt number create content based on this idea with enough detail examples and instructions
"This is sample prompt number 33. Create content based on this idea with enough detail, examples, and instructions.",marketing,this is sample prompt number create content based on this idea with enough detail examples and instructions
"This is sample prompt number 34. Create content based on this idea with enough detail, examples, and instructions.",research,this is sample prompt number create content based on this idea with enough detail examples and instructions
"This is sample prompt number 35. Create content based on this idea with enough detail, examples, and instructions.",art,this is sample prompt number create content based on this idea with enough detail examples and instructions
"This is sample prompt number 36. Create content based on this idea with enough detail, examples, and instructions.",design,this is sample prompt number create content based on this idea with enough detail examples and instructions
"This is sample prompt number 37. Create content based on this idea with enough detail, examples, and instructions.",research,this is sample prompt number create content based on this idea with enough detail examples and instructions
"This is sample prompt number 38. Create content based on this idea with enough detail, examples, and instructions.",research,this is sample prompt number create content based on this idea with enough detail examples and instructions
"This is sample prompt number 39. Create content based on this idea with enough detail, examples, and instructions.",design,this is sample prompt number create content based on this idea with enough detail examples and instructions
"This is sample prompt number 40. Create content based on this idea with enough detail, examples, and instructions.",education,this is sample prompt number create content based on this idea with enough detail examples and instructions
"This is sample prompt number 41. Create content based on this idea with enough detail, examples, and instructions.",business,this is sample prompt number create content based on this idea with enough detail examples and instructions
"This is sample prompt number 42. Create content based on this idea with enough detail, examples, and instructions.",writing,this is sample prompt number create content based on this idea with enough detail examples and instructions
"This is sample prompt number 43. Create content based on this idea with enough detail, examples, and instructions.",education,this is sample prompt number create content based on this idea with enough detail examples and instructions
"This is sample prompt number 44. Create content based on this idea with enough detail, examples, and instructions.",art,this is sample prompt number create content based on this idea with enough detail examples and instructions
"This is sample prompt number 45. Create content based on this idea with enough detail, examples, and instructions.",writing,this is sample prompt number create content based on this idea with enough detail examples and instructions
"This is sample prompt number 46. Create content based on this idea with enough detail, examples, and instructions.",marketing,this is sample prompt number create content based on this idea with enough detail examples and instructions
"This is sample prompt number 47. Create content based on this idea with enough detail, examples, and instructions.",education,this is sample prompt number create content based on this idea with enough detail examples and instructions
"This is sample prompt number 48. Create content based on this idea with enough detail, examples, and instructions.",marketing,this is sample prompt number create content based on this idea with enough detail examples and instructions
"This is sample prompt number 49. Create content based on this idea with enough detail, examples, and instructions.",marketing,this is sample prompt number create content based on this idea with enough detail examples and instructions
"This is sample prompt number 50. Create content based on this idea with enough detail, examples, and instructions.",research,this is sample prompt number create content based on this idea with enough detail examples and instructions
